{
  "biohazard": {
    "replace": true,
    "sounds": [
      {
        "name": "biohazard",
        "type": "event",
        "weight": 6,
        "stream": true,
        "attenuation_distance":16,
        "preload":false,
        "volume":1.0,
        "pitch":1.0
      },
      "custom:biohazard"
    ]
  },
  "human_win": {
    "replace": true,
    "sounds": [
      {
        "name": "human_win",
        "type": "event",
        "weight": 6,
        "stream": true,
        "attenuation_distance":16,
        "preload":false,
        "volume":1.0,
        "pitch":1.0
      },
      "custom:human_win"
    ]
  },
  "reloading": {
    "replace": true,
    "sounds": [
      {
        "name": "reloading",
        "type": "event",
        "weight": 6,
        "stream": true,
        "attenuation_distance":16,
        "preload":false,
        "volume":1.0,
        "pitch":1.0
      },
      "custom:reloading"
    ]
  },
  "zombie_attack": {
    "replace": true,
    "sounds": [
      {
        "name": "zombie_attack",
        "type": "event",
        "weight": 6,
        "stream": true,
        "attenuation_distance":16,
        "preload":false,
        "volume":1.0,
        "pitch":1.0
      },
      "custom:zombie_attack"
    ]
  },
  "zombie_win": {
    "replace": true,
    "sounds": [
      {
        "name": "zombie_win",
        "type": "event",
        "weight": 6,
        "stream": true,
        "attenuation_distance":16,
        "preload":false,
        "volume":1.0,
        "pitch":1.0
      },
      "custom:zombie_win"
    ]
  },
  "1": {
    "replace": true,
    "sounds": [
      {
        "name": "1",
        "type": "event",
        "weight": 6,
        "stream": true,
        "attenuation_distance":16,
        "preload":false,
        "volume":1.0,
        "pitch":1.0
      },
      "custom:1"
    ]
  },
  "2": {
    "replace": true,
    "sounds": [
      {
        "name": "2",
        "type": "event",
        "weight": 6,
        "stream": true,
        "attenuation_distance":16,
        "preload":false,
        "volume":1.0,
        "pitch":1.0
      },
      "custom:2"
    ]
  },
  "3": {
    "replace": true,
    "sounds": [
      {
        "name": "3",
        "type": "event",
        "weight": 6,
        "stream": true,
        "attenuation_distance":16,
        "preload":false,
        "volume":1.0,
        "pitch":1.0
      },
      "custom:3"
    ]
  },
  "4": {
    "replace": true,
    "sounds": [
      {
        "name": "4",
        "type": "event",
        "weight": 6,
        "stream": true,
        "attenuation_distance":16,
        "preload":false,
        "volume":1.0,
        "pitch":1.0
      },
      "custom:4"
    ]
  },
  "5": {
    "replace": true,
    "sounds": [
      {
        "name": "5",
        "type": "event",
        "weight": 6,
        "stream": true,
        "attenuation_distance":16,
        "preload":false,
        "volume":1.0,
        "pitch":1.0
      },
      "custom:5"
    ]
  },
  "10": {
    "replace": true,
    "sounds": [
      {
        "name": "10",
        "type": "event",
        "weight": 6,
        "stream": true,
        "attenuation_distance":16,
        "preload":false,
        "volume":1.0,
        "pitch":1.0
      },
      "custom:10"
    ]
  },
  "15": {
    "replace": true,
    "sounds": [
      {
        "name": "15",
        "type": "event",
        "weight": 6,
        "stream": true,
        "attenuation_distance":16,
        "preload":false,
        "volume":1.0,
        "pitch":1.0
      },
      "custom:15"
    ]
  },
  "reset": {
    "replace": true,
    "sounds": [
      {
        "name": "reset",
        "type": "event",
        "weight": 6,
        "stream": true,
        "attenuation_distance":16,
        "preload":false,
        "volume":1.0,
        "pitch":1.0
      },
      "custom:reset"
    ]
  }
 }